{
  "name": "gsap",
  "version": "2.0.1",
  "description": "The most flexible, high-performance animation library on the planet. Animate any property of any object. Solves browser quirks.",
  "author": {
    "name": "Jack Doyle",
    "url": "https://greensock.com/gsap/"
  },
  "main": "./src/uncompressed/TweenMax.js",
  "dependencies": {},
  "ignore": [],
  "license": "Standard 'no charge' license: http://greensock.com/standard-license. Club GreenSock members get more: https://greensock.com/licensing/. Why GreenSock doesn't employ an MIT license: https://greensock.com/why-license/",
  "repository": {
    "type": "git",
    "url": "https://github.com/greensock/GreenSock-JS"
  },
  "homepage": "https://github.com/greensock/GreenSock-JS",
  "_release": "2.0.1",
  "_resolution": {
    "type": "version",
    "tag": "2.0.1",
    "commit": "bd9f073eab17a97cf3e77d8a58764f031423e473"
  },
  "_source": "https://github.com/greensock/GreenSock-JS.git",
  "_target": "^2.0.1",
  "_originalSource": "gsap",
  "_direct": true
}